--
-- PostgreSQL database dump
--

-- Dumped from database version 14.5
-- Dumped by pg_dump version 14.5

-- Started on 2022-10-12 09:17:11

SET statement_timeout = 0;
SET lock_timeout = 0;
SET idle_in_transaction_session_timeout = 0;
SET client_encoding = 'WIN1252';
SET standard_conforming_strings = on;
SELECT pg_catalog.set_config('search_path', '', false);
SET check_function_bodies = false;
SET xmloption = content;
SET client_min_messages = warning;
SET row_security = off;

SET default_tablespace = '';

SET default_table_access_method = heap;

--
-- TOC entry 209 (class 1259 OID 19176)
-- Name: aikuinenvasa; Type: TABLE; Schema: public; Owner: postgres
--

CREATE TABLE public.aikuinenvasa (
    ikaluokka character varying(10) NOT NULL
);


ALTER TABLE public.aikuinenvasa OWNER TO postgres;

--
-- TOC entry 210 (class 1259 OID 19179)
-- Name: elain; Type: TABLE; Schema: public; Owner: postgres
--

CREATE TABLE public.elain (
    elaimen_nimi character varying(20) NOT NULL
);


ALTER TABLE public.elain OWNER TO postgres;

--
-- TOC entry 211 (class 1259 OID 19182)
-- Name: jakoryhma; Type: TABLE; Schema: public; Owner: postgres
--

CREATE TABLE public.jakoryhma (
    ryhma_id integer NOT NULL,
    seurue_id integer NOT NULL,
    ryhman_nimi character varying(50) NOT NULL
);


ALTER TABLE public.jakoryhma OWNER TO postgres;

--
-- TOC entry 3456 (class 0 OID 0)
-- Dependencies: 211
-- Name: TABLE jakoryhma; Type: COMMENT; Schema: public; Owner: postgres
--

COMMENT ON TABLE public.jakoryhma IS 'Ryhm‰, jolle lihaa jaetaan';


--
-- TOC entry 212 (class 1259 OID 19185)
-- Name: jakotapahtuma; Type: TABLE; Schema: public; Owner: postgres
--

CREATE TABLE public.jakotapahtuma (
    tapahtuma_id integer NOT NULL,
    paiva date NOT NULL,
    ryhma_id integer NOT NULL,
    osnimitys character varying(20) NOT NULL,
    maara real NOT NULL,
    kaato_id integer
);


ALTER TABLE public.jakotapahtuma OWNER TO postgres;

--
-- TOC entry 3457 (class 0 OID 0)
-- Dependencies: 212
-- Name: COLUMN jakotapahtuma.maara; Type: COMMENT; Schema: public; Owner: postgres
--

COMMENT ON COLUMN public.jakotapahtuma.maara IS 'Jaettu liham‰‰r‰ kiloina';


--
-- TOC entry 232 (class 1259 OID 19358)
-- Name: jaetut_lihat; Type: VIEW; Schema: public; Owner: postgres
--

CREATE VIEW public.jaetut_lihat AS
 SELECT jakoryhma.ryhman_nimi,
    sum(jakotapahtuma.maara) AS kg
   FROM (public.jakoryhma
     LEFT JOIN public.jakotapahtuma ON ((jakotapahtuma.ryhma_id = jakoryhma.ryhma_id)))
  GROUP BY jakoryhma.ryhman_nimi
  ORDER BY jakoryhma.ryhman_nimi;


ALTER TABLE public.jaetut_lihat OWNER TO postgres;

--
-- TOC entry 213 (class 1259 OID 19192)
-- Name: jakoryhma_ryhma_id_seq; Type: SEQUENCE; Schema: public; Owner: postgres
--

CREATE SEQUENCE public.jakoryhma_ryhma_id_seq
    START WITH 1
    INCREMENT BY 1
    NO MINVALUE
    NO MAXVALUE
    CACHE 1;


ALTER TABLE public.jakoryhma_ryhma_id_seq OWNER TO postgres;

--
-- TOC entry 3458 (class 0 OID 0)
-- Dependencies: 213
-- Name: jakoryhma_ryhma_id_seq; Type: SEQUENCE OWNED BY; Schema: public; Owner: postgres
--

ALTER SEQUENCE public.jakoryhma_ryhma_id_seq OWNED BY public.jakoryhma.ryhma_id;


--
-- TOC entry 214 (class 1259 OID 19193)
-- Name: jasenyys; Type: TABLE; Schema: public; Owner: postgres
--

CREATE TABLE public.jasenyys (
    jasenyys_id integer NOT NULL,
    ryhma_id integer NOT NULL,
    jasen_id integer NOT NULL,
    liittyi date NOT NULL,
    poistui date,
    osuus integer DEFAULT 100 NOT NULL
);


ALTER TABLE public.jasenyys OWNER TO postgres;

--
-- TOC entry 3459 (class 0 OID 0)
-- Dependencies: 214
-- Name: COLUMN jasenyys.osuus; Type: COMMENT; Schema: public; Owner: postgres
--

COMMENT ON COLUMN public.jasenyys.osuus IS 'Muuta pakolliseksi (NOT NULL)';


--
-- TOC entry 233 (class 1259 OID 19362)
-- Name: jakoryhma_yhteenveto; Type: VIEW; Schema: public; Owner: postgres
--

CREATE VIEW public.jakoryhma_yhteenveto AS
 SELECT jakoryhma.ryhman_nimi AS "ryhm‰",
    count(jasenyys.jasen_id) AS "j‰seni‰",
    ((sum(jasenyys.osuus))::double precision / (100)::real) AS osuuksia
   FROM (public.jakoryhma
     JOIN public.jasenyys ON ((jasenyys.ryhma_id = jakoryhma.ryhma_id)))
  GROUP BY jakoryhma.ryhman_nimi
  ORDER BY jakoryhma.ryhman_nimi;


ALTER TABLE public.jakoryhma_yhteenveto OWNER TO postgres;

--
-- TOC entry 215 (class 1259 OID 19201)
-- Name: jakotapahtuma_tapahtuma_id_seq; Type: SEQUENCE; Schema: public; Owner: postgres
--

CREATE SEQUENCE public.jakotapahtuma_tapahtuma_id_seq
    START WITH 1
    INCREMENT BY 1
    NO MINVALUE
    NO MAXVALUE
    CACHE 1;


ALTER TABLE public.jakotapahtuma_tapahtuma_id_seq OWNER TO postgres;

--
-- TOC entry 3460 (class 0 OID 0)
-- Dependencies: 215
-- Name: jakotapahtuma_tapahtuma_id_seq; Type: SEQUENCE OWNED BY; Schema: public; Owner: postgres
--

ALTER SEQUENCE public.jakotapahtuma_tapahtuma_id_seq OWNED BY public.jakotapahtuma.tapahtuma_id;


--
-- TOC entry 216 (class 1259 OID 19202)
-- Name: jasen; Type: TABLE; Schema: public; Owner: postgres
--

CREATE TABLE public.jasen (
    jasen_id integer NOT NULL,
    etunimi character varying(50) NOT NULL,
    sukunimi character varying(50) NOT NULL,
    jakeluosoite character varying(30) NOT NULL,
    postinumero character varying(10) NOT NULL,
    postitoimipaikka character varying(30) NOT NULL
);


ALTER TABLE public.jasen OWNER TO postgres;

--
-- TOC entry 3461 (class 0 OID 0)
-- Dependencies: 216
-- Name: TABLE jasen; Type: COMMENT; Schema: public; Owner: postgres
--

COMMENT ON TABLE public.jasen IS 'Henkilˆ joka osallistuu mets‰stykseen tai lihanjakoon';


--
-- TOC entry 217 (class 1259 OID 19205)
-- Name: jasen_jasen_id_seq_1; Type: SEQUENCE; Schema: public; Owner: postgres
--

CREATE SEQUENCE public.jasen_jasen_id_seq_1
    START WITH 1
    INCREMENT BY 1
    NO MINVALUE
    NO MAXVALUE
    CACHE 1;


ALTER TABLE public.jasen_jasen_id_seq_1 OWNER TO postgres;

--
-- TOC entry 3462 (class 0 OID 0)
-- Dependencies: 217
-- Name: jasen_jasen_id_seq_1; Type: SEQUENCE OWNED BY; Schema: public; Owner: postgres
--

ALTER SEQUENCE public.jasen_jasen_id_seq_1 OWNED BY public.jasen.jasen_id;


--
-- TOC entry 218 (class 1259 OID 19206)
-- Name: jasenyys_jasenyys_id_seq; Type: SEQUENCE; Schema: public; Owner: postgres
--

CREATE SEQUENCE public.jasenyys_jasenyys_id_seq
    START WITH 1
    INCREMENT BY 1
    NO MINVALUE
    NO MAXVALUE
    CACHE 1;


ALTER TABLE public.jasenyys_jasenyys_id_seq OWNER TO postgres;

--
-- TOC entry 3463 (class 0 OID 0)
-- Dependencies: 218
-- Name: jasenyys_jasenyys_id_seq; Type: SEQUENCE OWNED BY; Schema: public; Owner: postgres
--

ALTER SEQUENCE public.jasenyys_jasenyys_id_seq OWNED BY public.jasenyys.jasenyys_id;


--
-- TOC entry 219 (class 1259 OID 19207)
-- Name: kaato; Type: TABLE; Schema: public; Owner: postgres
--

CREATE TABLE public.kaato (
    kaato_id integer NOT NULL,
    jasen_id integer NOT NULL,
    kaatopaiva date NOT NULL,
    ruhopaino real NOT NULL,
    paikka_teksti character varying(100) NOT NULL,
    paikka_koordinaatti character varying(100) NOT NULL,
    kasittelyid integer NOT NULL,
    elaimen_nimi character varying(20) NOT NULL,
    sukupuoli character varying(10) NOT NULL,
    ikaluokka character varying(10) NOT NULL
);


ALTER TABLE public.kaato OWNER TO postgres;

--
-- TOC entry 3464 (class 0 OID 0)
-- Dependencies: 219
-- Name: TABLE kaato; Type: COMMENT; Schema: public; Owner: postgres
--

COMMENT ON TABLE public.kaato IS 'Ampumatapahtuman tiedot';


--
-- TOC entry 3465 (class 0 OID 0)
-- Dependencies: 219
-- Name: COLUMN kaato.ruhopaino; Type: COMMENT; Schema: public; Owner: postgres
--

COMMENT ON COLUMN public.kaato.ruhopaino IS 'paino kiloina';


--
-- TOC entry 3466 (class 0 OID 0)
-- Dependencies: 219
-- Name: COLUMN kaato.paikka_koordinaatti; Type: COMMENT; Schema: public; Owner: postgres
--

COMMENT ON COLUMN public.kaato.paikka_koordinaatti IS 'T‰m‰n kent‰n tietotyyppi pit‰‰ oikeasti olla geometry (Postgis-tietotyyppi)';


--
-- TOC entry 220 (class 1259 OID 19210)
-- Name: kaato_kaato_id_seq; Type: SEQUENCE; Schema: public; Owner: postgres
--

CREATE SEQUENCE public.kaato_kaato_id_seq
    START WITH 1
    INCREMENT BY 1
    NO MINVALUE
    NO MAXVALUE
    CACHE 1;


ALTER TABLE public.kaato_kaato_id_seq OWNER TO postgres;

--
-- TOC entry 3467 (class 0 OID 0)
-- Dependencies: 220
-- Name: kaato_kaato_id_seq; Type: SEQUENCE OWNED BY; Schema: public; Owner: postgres
--

ALTER SEQUENCE public.kaato_kaato_id_seq OWNED BY public.kaato.kaato_id;


--
-- TOC entry 221 (class 1259 OID 19211)
-- Name: kasittely; Type: TABLE; Schema: public; Owner: postgres
--

CREATE TABLE public.kasittely (
    kasittelyid integer NOT NULL,
    kasittely_teksti character varying(50) NOT NULL
);


ALTER TABLE public.kasittely OWNER TO postgres;

--
-- TOC entry 222 (class 1259 OID 19214)
-- Name: kasittely_kasittelyid_seq_1; Type: SEQUENCE; Schema: public; Owner: postgres
--

CREATE SEQUENCE public.kasittely_kasittelyid_seq_1
    START WITH 1
    INCREMENT BY 1
    NO MINVALUE
    NO MAXVALUE
    CACHE 1;


ALTER TABLE public.kasittely_kasittelyid_seq_1 OWNER TO postgres;

--
-- TOC entry 3468 (class 0 OID 0)
-- Dependencies: 222
-- Name: kasittely_kasittelyid_seq_1; Type: SEQUENCE OWNED BY; Schema: public; Owner: postgres
--

ALTER SEQUENCE public.kasittely_kasittelyid_seq_1 OWNED BY public.kasittely.kasittelyid;


--
-- TOC entry 223 (class 1259 OID 19215)
-- Name: lupa; Type: TABLE; Schema: public; Owner: postgres
--

CREATE TABLE public.lupa (
    luparivi_id integer NOT NULL,
    seura_id integer NOT NULL,
    lupavuosi character varying(4) NOT NULL,
    elaimen_nimi character varying(20) NOT NULL,
    sukupuoli character varying(10) NOT NULL,
    ikaluokka character varying(10) NOT NULL,
    maara integer NOT NULL
);


ALTER TABLE public.lupa OWNER TO postgres;

--
-- TOC entry 3469 (class 0 OID 0)
-- Dependencies: 223
-- Name: TABLE lupa; Type: COMMENT; Schema: public; Owner: postgres
--

COMMENT ON TABLE public.lupa IS 'Vuosittaiset kaatoluvat';


--
-- TOC entry 224 (class 1259 OID 19218)
-- Name: lupa_luparivi_id_seq; Type: SEQUENCE; Schema: public; Owner: postgres
--

CREATE SEQUENCE public.lupa_luparivi_id_seq
    START WITH 1
    INCREMENT BY 1
    NO MINVALUE
    NO MAXVALUE
    CACHE 1;


ALTER TABLE public.lupa_luparivi_id_seq OWNER TO postgres;

--
-- TOC entry 3470 (class 0 OID 0)
-- Dependencies: 224
-- Name: lupa_luparivi_id_seq; Type: SEQUENCE OWNED BY; Schema: public; Owner: postgres
--

ALTER SEQUENCE public.lupa_luparivi_id_seq OWNED BY public.lupa.luparivi_id;


--
-- TOC entry 225 (class 1259 OID 19219)
-- Name: ruhonosa; Type: TABLE; Schema: public; Owner: postgres
--

CREATE TABLE public.ruhonosa (
    osnimitys character varying(20) NOT NULL
);


ALTER TABLE public.ruhonosa OWNER TO postgres;

--
-- TOC entry 234 (class 1259 OID 19366)
-- Name: ryhmien_osuudet; Type: VIEW; Schema: public; Owner: postgres
--

CREATE VIEW public.ryhmien_osuudet AS
 SELECT jasenyys.ryhma_id AS "ryhm‰",
    ((sum(jasenyys.osuus))::double precision / (100)::double precision) AS osuuksia
   FROM public.jasenyys
  GROUP BY jasenyys.ryhma_id
  ORDER BY jasenyys.ryhma_id;


ALTER TABLE public.ryhmien_osuudet OWNER TO postgres;

--
-- TOC entry 226 (class 1259 OID 19226)
-- Name: seura; Type: TABLE; Schema: public; Owner: postgres
--

CREATE TABLE public.seura (
    seura_id integer NOT NULL,
    seuran_nimi character varying(50) NOT NULL,
    jakeluosoite character varying(30) NOT NULL,
    postinumero character varying(10) NOT NULL,
    postitoimipaikka character varying(30) NOT NULL
);


ALTER TABLE public.seura OWNER TO postgres;

--
-- TOC entry 3471 (class 0 OID 0)
-- Dependencies: 226
-- Name: TABLE seura; Type: COMMENT; Schema: public; Owner: postgres
--

COMMENT ON TABLE public.seura IS 'Mets‰stysseuran tiedot';


--
-- TOC entry 227 (class 1259 OID 19229)
-- Name: seura_seura_id_seq; Type: SEQUENCE; Schema: public; Owner: postgres
--

CREATE SEQUENCE public.seura_seura_id_seq
    START WITH 1
    INCREMENT BY 1
    NO MINVALUE
    NO MAXVALUE
    CACHE 1;


ALTER TABLE public.seura_seura_id_seq OWNER TO postgres;

--
-- TOC entry 3472 (class 0 OID 0)
-- Dependencies: 227
-- Name: seura_seura_id_seq; Type: SEQUENCE OWNED BY; Schema: public; Owner: postgres
--

ALTER SEQUENCE public.seura_seura_id_seq OWNED BY public.seura.seura_id;


--
-- TOC entry 228 (class 1259 OID 19230)
-- Name: seurue; Type: TABLE; Schema: public; Owner: postgres
--

CREATE TABLE public.seurue (
    seurue_id integer NOT NULL,
    seura_id integer NOT NULL,
    seurueen_nimi character varying(50) NOT NULL,
    jasen_id integer NOT NULL
);


ALTER TABLE public.seurue OWNER TO postgres;

--
-- TOC entry 3473 (class 0 OID 0)
-- Dependencies: 228
-- Name: TABLE seurue; Type: COMMENT; Schema: public; Owner: postgres
--

COMMENT ON TABLE public.seurue IS 'Mets‰styst‰ harjoittavan seurueen tiedot
';


--
-- TOC entry 3474 (class 0 OID 0)
-- Dependencies: 228
-- Name: COLUMN seurue.jasen_id; Type: COMMENT; Schema: public; Owner: postgres
--

COMMENT ON COLUMN public.seurue.jasen_id IS 'Seurueen johtajan tunniste';


--
-- TOC entry 229 (class 1259 OID 19233)
-- Name: seurue_seurue_id_seq; Type: SEQUENCE; Schema: public; Owner: postgres
--

CREATE SEQUENCE public.seurue_seurue_id_seq
    START WITH 1
    INCREMENT BY 1
    NO MINVALUE
    NO MAXVALUE
    CACHE 1;


ALTER TABLE public.seurue_seurue_id_seq OWNER TO postgres;

--
-- TOC entry 3475 (class 0 OID 0)
-- Dependencies: 229
-- Name: seurue_seurue_id_seq; Type: SEQUENCE OWNED BY; Schema: public; Owner: postgres
--

ALTER SEQUENCE public.seurue_seurue_id_seq OWNED BY public.seurue.seurue_id;


--
-- TOC entry 230 (class 1259 OID 19234)
-- Name: sukupuoli; Type: TABLE; Schema: public; Owner: postgres
--

CREATE TABLE public.sukupuoli (
    sukupuoli character varying(10) NOT NULL
);


ALTER TABLE public.sukupuoli OWNER TO postgres;

--
-- TOC entry 231 (class 1259 OID 19237)
-- Name: testi_seq; Type: SEQUENCE; Schema: public; Owner: postgres
--

CREATE SEQUENCE public.testi_seq
    START WITH 1
    INCREMENT BY 1
    NO MINVALUE
    NO MAXVALUE
    CACHE 1;


ALTER TABLE public.testi_seq OWNER TO postgres;

--
-- TOC entry 3476 (class 0 OID 0)
-- Dependencies: 231
-- Name: testi_seq; Type: SEQUENCE OWNED BY; Schema: public; Owner: postgres
--

ALTER SEQUENCE public.testi_seq OWNED BY public.jakoryhma.ryhma_id;


--
-- TOC entry 3233 (class 2604 OID 19238)
-- Name: jakoryhma ryhma_id; Type: DEFAULT; Schema: public; Owner: postgres
--

ALTER TABLE ONLY public.jakoryhma ALTER COLUMN ryhma_id SET DEFAULT nextval('public.jakoryhma_ryhma_id_seq'::regclass);


--
-- TOC entry 3234 (class 2604 OID 19239)
-- Name: jakotapahtuma tapahtuma_id; Type: DEFAULT; Schema: public; Owner: postgres
--

ALTER TABLE ONLY public.jakotapahtuma ALTER COLUMN tapahtuma_id SET DEFAULT nextval('public.jakotapahtuma_tapahtuma_id_seq'::regclass);


--
-- TOC entry 3237 (class 2604 OID 19240)
-- Name: jasen jasen_id; Type: DEFAULT; Schema: public; Owner: postgres
--

ALTER TABLE ONLY public.jasen ALTER COLUMN jasen_id SET DEFAULT nextval('public.jasen_jasen_id_seq_1'::regclass);


--
-- TOC entry 3236 (class 2604 OID 19241)
-- Name: jasenyys jasenyys_id; Type: DEFAULT; Schema: public; Owner: postgres
--

ALTER TABLE ONLY public.jasenyys ALTER COLUMN jasenyys_id SET DEFAULT nextval('public.jasenyys_jasenyys_id_seq'::regclass);


--
-- TOC entry 3238 (class 2604 OID 19242)
-- Name: kaato kaato_id; Type: DEFAULT; Schema: public; Owner: postgres
--

ALTER TABLE ONLY public.kaato ALTER COLUMN kaato_id SET DEFAULT nextval('public.kaato_kaato_id_seq'::regclass);


--
-- TOC entry 3239 (class 2604 OID 19243)
-- Name: kasittely kasittelyid; Type: DEFAULT; Schema: public; Owner: postgres
--

ALTER TABLE ONLY public.kasittely ALTER COLUMN kasittelyid SET DEFAULT nextval('public.kasittely_kasittelyid_seq_1'::regclass);


--
-- TOC entry 3240 (class 2604 OID 19244)
-- Name: lupa luparivi_id; Type: DEFAULT; Schema: public; Owner: postgres
--

ALTER TABLE ONLY public.lupa ALTER COLUMN luparivi_id SET DEFAULT nextval('public.lupa_luparivi_id_seq'::regclass);


--
-- TOC entry 3241 (class 2604 OID 19245)
-- Name: seura seura_id; Type: DEFAULT; Schema: public; Owner: postgres
--

ALTER TABLE ONLY public.seura ALTER COLUMN seura_id SET DEFAULT nextval('public.seura_seura_id_seq'::regclass);


--
-- TOC entry 3242 (class 2604 OID 19246)
-- Name: seurue seurue_id; Type: DEFAULT; Schema: public; Owner: postgres
--

ALTER TABLE ONLY public.seurue ALTER COLUMN seurue_id SET DEFAULT nextval('public.seurue_seurue_id_seq'::regclass);


--
-- TOC entry 3428 (class 0 OID 19176)
-- Dependencies: 209
-- Data for Name: aikuinenvasa; Type: TABLE DATA; Schema: public; Owner: postgres
--

INSERT INTO public.aikuinenvasa VALUES ('Aikuinen');
INSERT INTO public.aikuinenvasa VALUES ('Vasa');


--
-- TOC entry 3429 (class 0 OID 19179)
-- Dependencies: 210
-- Data for Name: elain; Type: TABLE DATA; Schema: public; Owner: postgres
--

INSERT INTO public.elain VALUES ('Hirvi');
INSERT INTO public.elain VALUES ('Valkoh‰nt‰peura');


--
-- TOC entry 3430 (class 0 OID 19182)
-- Dependencies: 211
-- Data for Name: jakoryhma; Type: TABLE DATA; Schema: public; Owner: postgres
--

INSERT INTO public.jakoryhma VALUES (1, 1, 'Ryhm‰ 1');
INSERT INTO public.jakoryhma VALUES (2, 1, 'Ryhm‰ 2');
INSERT INTO public.jakoryhma VALUES (3, 2, 'Ryhm‰ 3');


--
-- TOC entry 3431 (class 0 OID 19185)
-- Dependencies: 212
-- Data for Name: jakotapahtuma; Type: TABLE DATA; Schema: public; Owner: postgres
--

INSERT INTO public.jakotapahtuma VALUES (1, '2022-10-05', 1, 'Koko', 210, NULL);
INSERT INTO public.jakotapahtuma VALUES (2, '2022-10-02', 1, 'Puolikas', 75, NULL);
INSERT INTO public.jakotapahtuma VALUES (3, '2022-10-02', 2, 'Puolikas', 75, NULL);


--
-- TOC entry 3435 (class 0 OID 19202)
-- Dependencies: 216
-- Data for Name: jasen; Type: TABLE DATA; Schema: public; Owner: postgres
--

INSERT INTO public.jasen VALUES (1, 'Janne', 'Jousi', 'Kotikatu 2', '21200', 'Raisio');
INSERT INTO public.jasen VALUES (2, 'Tauno', 'Tappara', 'Viertotie 5', '23100', 'Myn‰m‰ki');
INSERT INTO public.jasen VALUES (3, 'Kalle', 'Kaaripyssy', 'Isotie 144', '23100', 'Myn‰m‰ki');
INSERT INTO public.jasen VALUES (4, 'Heikki', 'Haulikko', 'Pikkutie 22', '23100', 'Myn‰m‰ki');
INSERT INTO public.jasen VALUES (5, 'Tauno', 'Tussari', 'Isotie 210', '23100', 'Myn‰m‰ki');
INSERT INTO public.jasen VALUES (6, 'Piia', 'Pyssy', 'Jokikatu 2', '23100', 'Myn‰m‰ki');
INSERT INTO public.jasen VALUES (7, 'Tiina', 'Talikko', 'Kirkkotie 7', '23100', 'Myn‰m‰ki');
INSERT INTO public.jasen VALUES (8, 'Bertil', 'Bˆssa', 'Hemv‰g 4', '20100', '≈bo');
INSERT INTO public.jasen VALUES (9, 'Ville', 'Vesuri', 'Jokikatu 2', '23100', 'Myn‰m‰ki');
INSERT INTO public.jasen VALUES (10, 'Kurt', 'Kirves', 'Pohjanperkontie 122', '23100', 'Myn‰m‰ki');


--
-- TOC entry 3433 (class 0 OID 19193)
-- Dependencies: 214
-- Data for Name: jasenyys; Type: TABLE DATA; Schema: public; Owner: postgres
--

INSERT INTO public.jasenyys VALUES (1, 1, 1, '2022-01-01', NULL, 100);
INSERT INTO public.jasenyys VALUES (2, 1, 2, '2022-01-01', NULL, 100);
INSERT INTO public.jasenyys VALUES (3, 1, 3, '2022-01-01', NULL, 100);
INSERT INTO public.jasenyys VALUES (4, 2, 4, '2022-01-01', NULL, 100);
INSERT INTO public.jasenyys VALUES (6, 2, 6, '2022-01-01', NULL, 100);
INSERT INTO public.jasenyys VALUES (7, 3, 7, '2022-01-01', NULL, 100);
INSERT INTO public.jasenyys VALUES (8, 3, 8, '2022-01-01', NULL, 100);
INSERT INTO public.jasenyys VALUES (9, 3, 9, '2022-01-01', NULL, 50);


--
-- TOC entry 3438 (class 0 OID 19207)
-- Dependencies: 219
-- Data for Name: kaato; Type: TABLE DATA; Schema: public; Owner: postgres
--

INSERT INTO public.kaato VALUES (1, 5, '2022-09-28', 250, 'Takapellon etel‰p‰‰, Jyrkk‰l‰', '61.58,21.54', 1, 'Hirvi', 'Uros', 'Aikuinen');
INSERT INTO public.kaato VALUES (2, 6, '2022-09-28', 200, 'Takapellon etel‰p‰‰, Jyrkk‰l‰', '61.58,21.54', 2, 'Hirvi', 'Naaras', 'Aikuinen');


--
-- TOC entry 3440 (class 0 OID 19211)
-- Dependencies: 221
-- Data for Name: kasittely; Type: TABLE DATA; Schema: public; Owner: postgres
--

INSERT INTO public.kasittely VALUES (1, 'Seuralle');
INSERT INTO public.kasittely VALUES (2, 'Seurueelle');
INSERT INTO public.kasittely VALUES (3, 'Myyntiin');
INSERT INTO public.kasittely VALUES (4, 'H‰vitet‰‰n');


--
-- TOC entry 3442 (class 0 OID 19215)
-- Dependencies: 223
-- Data for Name: lupa; Type: TABLE DATA; Schema: public; Owner: postgres
--

INSERT INTO public.lupa VALUES (1, 1, '2022', 'Hirvi', 'Uros', 'Aikuinen', 10);
INSERT INTO public.lupa VALUES (2, 1, '2022', 'Hirvi', 'Naaras', 'Aikuinen', 15);
INSERT INTO public.lupa VALUES (3, 1, '2022', 'Valkoh‰nt‰peura', 'Uros', 'Aikuinen', 100);
INSERT INTO public.lupa VALUES (4, 1, '2022', 'Valkoh‰nt‰peura', 'Naaras', 'Aikuinen', 200);
INSERT INTO public.lupa VALUES (5, 1, '2022', 'Hirvi', 'Uros', 'Vasa', 20);


--
-- TOC entry 3444 (class 0 OID 19219)
-- Dependencies: 225
-- Data for Name: ruhonosa; Type: TABLE DATA; Schema: public; Owner: postgres
--

INSERT INTO public.ruhonosa VALUES ('Koko');
INSERT INTO public.ruhonosa VALUES ('Puolikas');
INSERT INTO public.ruhonosa VALUES ('Nelj‰nnes');


--
-- TOC entry 3445 (class 0 OID 19226)
-- Dependencies: 226
-- Data for Name: seura; Type: TABLE DATA; Schema: public; Owner: postgres
--

INSERT INTO public.seura VALUES (1, 'Punaiset hatut ja nen‰t', 'Keskuskatu 1', '23100', 'Myn‰m‰ki');


--
-- TOC entry 3447 (class 0 OID 19230)
-- Dependencies: 228
-- Data for Name: seurue; Type: TABLE DATA; Schema: public; Owner: postgres
--

INSERT INTO public.seurue VALUES (1, 1, 'Seurue1', 6);
INSERT INTO public.seurue VALUES (2, 1, 'Seurue2', 1);


--
-- TOC entry 3449 (class 0 OID 19234)
-- Dependencies: 230
-- Data for Name: sukupuoli; Type: TABLE DATA; Schema: public; Owner: postgres
--

INSERT INTO public.sukupuoli VALUES ('Uros');
INSERT INTO public.sukupuoli VALUES ('Naaras');


--
-- TOC entry 3477 (class 0 OID 0)
-- Dependencies: 213
-- Name: jakoryhma_ryhma_id_seq; Type: SEQUENCE SET; Schema: public; Owner: postgres
--

SELECT pg_catalog.setval('public.jakoryhma_ryhma_id_seq', 3, true);


--
-- TOC entry 3478 (class 0 OID 0)
-- Dependencies: 215
-- Name: jakotapahtuma_tapahtuma_id_seq; Type: SEQUENCE SET; Schema: public; Owner: postgres
--

SELECT pg_catalog.setval('public.jakotapahtuma_tapahtuma_id_seq', 3, true);


--
-- TOC entry 3479 (class 0 OID 0)
-- Dependencies: 217
-- Name: jasen_jasen_id_seq_1; Type: SEQUENCE SET; Schema: public; Owner: postgres
--

SELECT pg_catalog.setval('public.jasen_jasen_id_seq_1', 10, true);


--
-- TOC entry 3480 (class 0 OID 0)
-- Dependencies: 218
-- Name: jasenyys_jasenyys_id_seq; Type: SEQUENCE SET; Schema: public; Owner: postgres
--

SELECT pg_catalog.setval('public.jasenyys_jasenyys_id_seq', 9, true);


--
-- TOC entry 3481 (class 0 OID 0)
-- Dependencies: 220
-- Name: kaato_kaato_id_seq; Type: SEQUENCE SET; Schema: public; Owner: postgres
--

SELECT pg_catalog.setval('public.kaato_kaato_id_seq', 2, true);


--
-- TOC entry 3482 (class 0 OID 0)
-- Dependencies: 222
-- Name: kasittely_kasittelyid_seq_1; Type: SEQUENCE SET; Schema: public; Owner: postgres
--

SELECT pg_catalog.setval('public.kasittely_kasittelyid_seq_1', 4, true);


--
-- TOC entry 3483 (class 0 OID 0)
-- Dependencies: 224
-- Name: lupa_luparivi_id_seq; Type: SEQUENCE SET; Schema: public; Owner: postgres
--

SELECT pg_catalog.setval('public.lupa_luparivi_id_seq', 5, true);


--
-- TOC entry 3484 (class 0 OID 0)
-- Dependencies: 227
-- Name: seura_seura_id_seq; Type: SEQUENCE SET; Schema: public; Owner: postgres
--

SELECT pg_catalog.setval('public.seura_seura_id_seq', 1, true);


--
-- TOC entry 3485 (class 0 OID 0)
-- Dependencies: 229
-- Name: seurue_seurue_id_seq; Type: SEQUENCE SET; Schema: public; Owner: postgres
--

SELECT pg_catalog.setval('public.seurue_seurue_id_seq', 2, true);


--
-- TOC entry 3486 (class 0 OID 0)
-- Dependencies: 231
-- Name: testi_seq; Type: SEQUENCE SET; Schema: public; Owner: postgres
--

SELECT pg_catalog.setval('public.testi_seq', 1, false);


--
-- TOC entry 3244 (class 2606 OID 19248)
-- Name: aikuinenvasa aikuinenvasa_pk; Type: CONSTRAINT; Schema: public; Owner: postgres
--

ALTER TABLE ONLY public.aikuinenvasa
    ADD CONSTRAINT aikuinenvasa_pk PRIMARY KEY (ikaluokka);


--
-- TOC entry 3246 (class 2606 OID 19250)
-- Name: elain elain_pk; Type: CONSTRAINT; Schema: public; Owner: postgres
--

ALTER TABLE ONLY public.elain
    ADD CONSTRAINT elain_pk PRIMARY KEY (elaimen_nimi);


--
-- TOC entry 3248 (class 2606 OID 19252)
-- Name: jakoryhma jakoryhma_pk; Type: CONSTRAINT; Schema: public; Owner: postgres
--

ALTER TABLE ONLY public.jakoryhma
    ADD CONSTRAINT jakoryhma_pk PRIMARY KEY (ryhma_id);


--
-- TOC entry 3250 (class 2606 OID 19254)
-- Name: jakotapahtuma jakotapahtuma_pk; Type: CONSTRAINT; Schema: public; Owner: postgres
--

ALTER TABLE ONLY public.jakotapahtuma
    ADD CONSTRAINT jakotapahtuma_pk PRIMARY KEY (tapahtuma_id);


--
-- TOC entry 3254 (class 2606 OID 19256)
-- Name: jasen jasen_pk; Type: CONSTRAINT; Schema: public; Owner: postgres
--

ALTER TABLE ONLY public.jasen
    ADD CONSTRAINT jasen_pk PRIMARY KEY (jasen_id);


--
-- TOC entry 3252 (class 2606 OID 19258)
-- Name: jasenyys jasenyys_pk; Type: CONSTRAINT; Schema: public; Owner: postgres
--

ALTER TABLE ONLY public.jasenyys
    ADD CONSTRAINT jasenyys_pk PRIMARY KEY (jasenyys_id);


--
-- TOC entry 3256 (class 2606 OID 19260)
-- Name: kaato kaato_pk; Type: CONSTRAINT; Schema: public; Owner: postgres
--

ALTER TABLE ONLY public.kaato
    ADD CONSTRAINT kaato_pk PRIMARY KEY (kaato_id);


--
-- TOC entry 3258 (class 2606 OID 19262)
-- Name: kasittely kasittely_pk; Type: CONSTRAINT; Schema: public; Owner: postgres
--

ALTER TABLE ONLY public.kasittely
    ADD CONSTRAINT kasittely_pk PRIMARY KEY (kasittelyid);


--
-- TOC entry 3260 (class 2606 OID 19264)
-- Name: lupa lupa_pk; Type: CONSTRAINT; Schema: public; Owner: postgres
--

ALTER TABLE ONLY public.lupa
    ADD CONSTRAINT lupa_pk PRIMARY KEY (luparivi_id);


--
-- TOC entry 3262 (class 2606 OID 19266)
-- Name: ruhonosa ruhonosa_pk; Type: CONSTRAINT; Schema: public; Owner: postgres
--

ALTER TABLE ONLY public.ruhonosa
    ADD CONSTRAINT ruhonosa_pk PRIMARY KEY (osnimitys);


--
-- TOC entry 3264 (class 2606 OID 19268)
-- Name: seura seura_pk; Type: CONSTRAINT; Schema: public; Owner: postgres
--

ALTER TABLE ONLY public.seura
    ADD CONSTRAINT seura_pk PRIMARY KEY (seura_id);


--
-- TOC entry 3266 (class 2606 OID 19270)
-- Name: seurue seurue_pk; Type: CONSTRAINT; Schema: public; Owner: postgres
--

ALTER TABLE ONLY public.seurue
    ADD CONSTRAINT seurue_pk PRIMARY KEY (seurue_id);


--
-- TOC entry 3268 (class 2606 OID 19272)
-- Name: sukupuoli sukupuoli_pk; Type: CONSTRAINT; Schema: public; Owner: postgres
--

ALTER TABLE ONLY public.sukupuoli
    ADD CONSTRAINT sukupuoli_pk PRIMARY KEY (sukupuoli);


--
-- TOC entry 3275 (class 2606 OID 19273)
-- Name: kaato aikuinen_vasa_kaato_fk; Type: FK CONSTRAINT; Schema: public; Owner: postgres
--

ALTER TABLE ONLY public.kaato
    ADD CONSTRAINT aikuinen_vasa_kaato_fk FOREIGN KEY (ikaluokka) REFERENCES public.aikuinenvasa(ikaluokka);


--
-- TOC entry 3280 (class 2606 OID 19278)
-- Name: lupa aikuinen_vasa_lupa_fk; Type: FK CONSTRAINT; Schema: public; Owner: postgres
--

ALTER TABLE ONLY public.lupa
    ADD CONSTRAINT aikuinen_vasa_lupa_fk FOREIGN KEY (ikaluokka) REFERENCES public.aikuinenvasa(ikaluokka);


--
-- TOC entry 3276 (class 2606 OID 19283)
-- Name: kaato elain_kaato_fk; Type: FK CONSTRAINT; Schema: public; Owner: postgres
--

ALTER TABLE ONLY public.kaato
    ADD CONSTRAINT elain_kaato_fk FOREIGN KEY (elaimen_nimi) REFERENCES public.elain(elaimen_nimi);


--
-- TOC entry 3281 (class 2606 OID 19288)
-- Name: lupa elain_lupa_fk; Type: FK CONSTRAINT; Schema: public; Owner: postgres
--

ALTER TABLE ONLY public.lupa
    ADD CONSTRAINT elain_lupa_fk FOREIGN KEY (elaimen_nimi) REFERENCES public.elain(elaimen_nimi);


--
-- TOC entry 3273 (class 2606 OID 19293)
-- Name: jasenyys jasen_jasenyys_fk; Type: FK CONSTRAINT; Schema: public; Owner: postgres
--

ALTER TABLE ONLY public.jasenyys
    ADD CONSTRAINT jasen_jasenyys_fk FOREIGN KEY (jasen_id) REFERENCES public.jasen(jasen_id);


--
-- TOC entry 3277 (class 2606 OID 19298)
-- Name: kaato jasen_kaato_fk; Type: FK CONSTRAINT; Schema: public; Owner: postgres
--

ALTER TABLE ONLY public.kaato
    ADD CONSTRAINT jasen_kaato_fk FOREIGN KEY (jasen_id) REFERENCES public.jasen(jasen_id);


--
-- TOC entry 3284 (class 2606 OID 19303)
-- Name: seurue jasen_seurue_fk; Type: FK CONSTRAINT; Schema: public; Owner: postgres
--

ALTER TABLE ONLY public.seurue
    ADD CONSTRAINT jasen_seurue_fk FOREIGN KEY (jasen_id) REFERENCES public.jasen(jasen_id);


--
-- TOC entry 3270 (class 2606 OID 19308)
-- Name: jakotapahtuma kaato_jakotapahtuma_fk; Type: FK CONSTRAINT; Schema: public; Owner: postgres
--

ALTER TABLE ONLY public.jakotapahtuma
    ADD CONSTRAINT kaato_jakotapahtuma_fk FOREIGN KEY (kaato_id) REFERENCES public.kaato(kaato_id) NOT VALID;


--
-- TOC entry 3278 (class 2606 OID 19313)
-- Name: kaato kasittely_kaato_fk; Type: FK CONSTRAINT; Schema: public; Owner: postgres
--

ALTER TABLE ONLY public.kaato
    ADD CONSTRAINT kasittely_kaato_fk FOREIGN KEY (kasittelyid) REFERENCES public.kasittely(kasittelyid);


--
-- TOC entry 3271 (class 2606 OID 19318)
-- Name: jakotapahtuma ruhonosa_jakotapahtuma_fk; Type: FK CONSTRAINT; Schema: public; Owner: postgres
--

ALTER TABLE ONLY public.jakotapahtuma
    ADD CONSTRAINT ruhonosa_jakotapahtuma_fk FOREIGN KEY (osnimitys) REFERENCES public.ruhonosa(osnimitys);


--
-- TOC entry 3272 (class 2606 OID 19323)
-- Name: jakotapahtuma ryhma_jakotapahtuma_fk; Type: FK CONSTRAINT; Schema: public; Owner: postgres
--

ALTER TABLE ONLY public.jakotapahtuma
    ADD CONSTRAINT ryhma_jakotapahtuma_fk FOREIGN KEY (ryhma_id) REFERENCES public.jakoryhma(ryhma_id);


--
-- TOC entry 3274 (class 2606 OID 19328)
-- Name: jasenyys ryhma_jasenyys_fk; Type: FK CONSTRAINT; Schema: public; Owner: postgres
--

ALTER TABLE ONLY public.jasenyys
    ADD CONSTRAINT ryhma_jasenyys_fk FOREIGN KEY (ryhma_id) REFERENCES public.jakoryhma(ryhma_id);


--
-- TOC entry 3282 (class 2606 OID 19333)
-- Name: lupa seura_lupa_fk; Type: FK CONSTRAINT; Schema: public; Owner: postgres
--

ALTER TABLE ONLY public.lupa
    ADD CONSTRAINT seura_lupa_fk FOREIGN KEY (seura_id) REFERENCES public.seura(seura_id);


--
-- TOC entry 3285 (class 2606 OID 19338)
-- Name: seurue seura_seurue_fk; Type: FK CONSTRAINT; Schema: public; Owner: postgres
--

ALTER TABLE ONLY public.seurue
    ADD CONSTRAINT seura_seurue_fk FOREIGN KEY (seura_id) REFERENCES public.seura(seura_id);


--
-- TOC entry 3269 (class 2606 OID 19343)
-- Name: jakoryhma seurue_ryhma_fk; Type: FK CONSTRAINT; Schema: public; Owner: postgres
--

ALTER TABLE ONLY public.jakoryhma
    ADD CONSTRAINT seurue_ryhma_fk FOREIGN KEY (seurue_id) REFERENCES public.seurue(seurue_id);


--
-- TOC entry 3279 (class 2606 OID 19348)
-- Name: kaato sukupuoli_kaato_fk; Type: FK CONSTRAINT; Schema: public; Owner: postgres
--

ALTER TABLE ONLY public.kaato
    ADD CONSTRAINT sukupuoli_kaato_fk FOREIGN KEY (sukupuoli) REFERENCES public.sukupuoli(sukupuoli);


--
-- TOC entry 3283 (class 2606 OID 19353)
-- Name: lupa sukupuoli_lupa_fk; Type: FK CONSTRAINT; Schema: public; Owner: postgres
--

ALTER TABLE ONLY public.lupa
    ADD CONSTRAINT sukupuoli_lupa_fk FOREIGN KEY (sukupuoli) REFERENCES public.sukupuoli(sukupuoli);


-- Completed on 2022-10-12 09:17:14

--
-- PostgreSQL database dump complete
--

